sku,qty
EVOT-WCG-1020-ON,1000
EVOT-WCH-1020-ON,1000
FBBB-11-016-BBR-20013-ON,1000
FBBB-11-016-LLM-20013-ON,1000
FBBB-11-016-PPE-20013-ON,1000
FBBB-11-016-ROP-20013-ON,1000
FBBB-11-016-SCH-20013-ON,1000
FBBB-11-016-SDA-20013-ON,1000
FBBB-11-016-SGR-20013-ON,1000
FBBB-11-016-SJP-20013-ON,1000
FBBB-11-016-SLK-20013-ON,1000
FBBB-11-016-WWM-20013-ON,1000
FBMX-BBN-1020-ON,1000
FBMX-BBO-1020-ON,1000
FBMX-BBR-1020-ON,1000
FBMX-BLU-1020-ON,1000
FBMX-BNB-1020-ON,1000
FBMX-CDF-1020-ON,1000
FBMX-CLC-1020-ON,1000
FBMX-DDK-1020-ON,1000
FBMX-DDL-1020-ON,1000
FBMX-DOF-1020-ON,1000
FBMX-EMI-1020-ON,1000
FBMX-FFF-1020-ON,1000
FBMX-GGA-1020-ON,1000
FBMX-GGP-1020-ON,1000
FBMX-GGT-1020-ON,1000
FBMX-GRD-1020-ON,1000
FBMX-HHM-1020-ON,1000
FBMX-MMP-1020-ON,1000
FBMX-PPB-1020-ON,1000
FBMX-PUF-1020-ON,1000
FBMX-RED-1020-ON,1000
FBMX-ROB-1020-ON,1000
FBMX-RRM-1020-ON,1000
FBMX-SAP-1020-ON,1000
FBMX-SBL-1020-ON,1000
FBMX-SBR-1020-ON,1000
FBMX-SLE-1020-ON,1000
FBMX-SPE-1020-ON,1000
FBMX-SPI-1020-ON,1000
FBMX-SSP-1020-ON,1000
FBMX-SST-1020-ON,1000
FBMX-SSW-1020-ON,1000
FBMX-STB-1020-ON,1000
FBMX-STC-1020-ON,1000
FBMX-TTB-1020-ON,1000
FBMX-VNL-1020-ON,1000
FBMX-WTG-1020-ON,1000
FBMX-WWG-1020-ON,1000
FBMX-WWP-1020-ON,1000
FBMX-WWT-1020-ON,1000
FBUX-APP-1020-ON,1000
FBUX-ASB-1020-ON,1000
FBUX-BRA-1020-ON,1000
FBUX-BRL-1020-ON,1000
FBUX-BSW-1020-ON,1000
FBUX-CBC-1020-ON,1000
FBUX-CCC-1020-ON,1000
FBUX-CKV-1020-ON,1000
FBUX-CWT-1020-ON,1000
FBUX-FFU-1020-ON,1000
FBUX-FRB-1020-ON,1000
FBUX-GRP-1020-ON,1000
FBUX-MAN-1020-ON,1000
FBUX-PMA-1020-ON,1000
FBUX-PPM-1020-ON,1000
FBUX-SBR-1020-ON,1000
FBUX-SFG-1020-ON,1000
FBUX-STR-1020-ON,1000
FBUX-STW-1020-ON,1000
FBUX-WKI-1020-ON,1000
FLB-03-ATC-1020-ON,1000
FLB-03-BBB-1020-ON,1000
FLB-03-BBC-1020-ON,1000
FLB-03-BBI-1020-ON,1000
FLB-03-BBM-1020-ON,1000
FLB-03-BBR-1020-ON,1000
FLB-03-BRZ-1020-ON,1000
FLB-03-BSB-1020-ON,1000
FLB-03-CLC-1020-ON,1000
FLB-03-CRT-1020-ON,1000
FLB-03-DDL-1020-ON,1000
FLB-03-DLD-1020-ON,1000
FLB-03-EMI-1020-ON,1000
FLB-03-FFK-1020-ON,1000
FLB-03-FFL-1020-ON,1000
FLB-03-GDI-1020-ON,1000
FLB-03-GGA-1020-ON,1000
FLB-03-HHM-1020-ON,1000
FLB-03-LLW-1020-ON,1000
FLB-03-MCT-1020-ON,1000
FLB-03-MIT-1020-ON,1000
FLB-03-MMP-1020-ON,1000
FLB-03-PPB-1020-ON,1000
FLB-03-PTB-1020-ON,1000
FLB-03-RBT-1020-ON,1000
FLB-03-RRM-1020-ON,1000
FLB-03-RST-1020-ON,1000
FLB-03-SBB-1020-ON,1000
FLB-03-SPM-1020-ON,1000
FLB-03-SRT-1020-ON,1000
FLB-03-SSI-1020-ON,1000
FLB-03-SSP-1020-ON,1000
FLB-03-SSW-1020-ON,1000
FLB-03-WMG-1020-ON,1000
FLB-03-WWG-1020-ON,1000
FLB-03-WWI-1020-ON,1000
FLB-ATC-1020-ON,1000
FLB-BBB-1020-ON,1000
FLB-BBI-1020-ON,1000
FLB-BBM-1020-ON,1000
FLB-BBR-1020-ON,1000
FLB-BSB-1020-ON,1000
FLB-CLC-1020-ON,1000
FLB-DDL-1020-ON,1000
FLB-EMI-1020-ON,1000
FLB-FFK-1020-ON,1000
FLB-GDI-1020-ON,1000
FLB-GGA-1020-ON,1000
FLB-GGP-1020-ON,1000
FLB-HHM-1020-ON,1000
FLB-KKP-1020-ON,1000
FLB-LLW-1020-ON,1000
FLB-LSI-1020-ON,1000
FLB-MMP-1020-ON,1000
FLB-PPB-1020-ON,1000
FLB-PTB-1020-ON,1000
FLB-RBT-1020-ON,1000
FLB-RRM-1020-ON,1000
FLB-SBB-1020-ON,1000
FLB-SPM-1020-ON,1000
FLB-SSI-1020-ON,1000
FLB-SSP-1020-ON,1000
FLB-WMG-1020-ON,1000
FLB-WWG-1020-ON,1000
FLB-WWI-1020-ON,1000
FLBC-CCC-1020-ON,1000
FLBC-CCD-1020-ON,1000
FLBC-CGD-1020-ON,1000
FLBC-COF-1020-ON,1000
FLBC-CPF-1020-ON,1000
FLBC-CRB-1020-ON,1000
FLBC-CRC-1020-ON,1000
FLBC-CSP-1020-ON,1000
FLBC-CVC-1020-ON,1000
FLBF-BRC-1020-ON,1000
FLBF-BRK-1020-ON,1000
FLBF-BRM-1020-ON,1000
FLBF-BRO-1020-ON,1000
FLBF-BRP-1020-ON,1000
FLBF-BRR-1020-ON,1000
FLBL-APP-1020-ON,1000
FLBL-BAN-1020-ON,1000
FLBL-BBB-1010-ON,1000
FLBL-BBB-1020-ON,1000
FLBL-BBI-1010-ON,1000
FLBL-BBI-1020-ON,1000
FLBL-BBI-2020-ON,1000
FLBL-BBM-1010-ON,1000
FLBL-BBM-1020-ON,1000
FLBL-BBO-2020-ON,1000
FLBL-BBR-1010-ON,1000
FLBL-BBR-1020-ON,1000
FLBL-BBR-2020-ON,1000
FLBL-BES-1020-ON,1000
FLBL-BLR-1020-ON,1000
FLBL-BMI-1010-ON,1000
FLBL-BMI-1020-ON,1000
FLBL-BRL-1020-ON,1000
FLBL-BSB-1010-ON,1000
FLBL-BSB-1020-ON,1000
FLBL-CCF-1020-ON,1000
FLBL-CPN-1020-ON,1000
FLBL-CTW-1020-ON,1000
FLBL-DDK-1010-ON,1000
FLBL-DDK-1020-ON,1000
FLBL-DDL-1010-ON,1000
FLBL-DDL-1020-ON,1000
FLBL-DDL-2020-ON,1000
FLBL-EMI-1010-ON,1000
FLBL-EMI-1020-ON,1000
FLBL-EMI-2020-ON,1000
FLBL-FFF-2020-ON,1000
FLBL-FFK-1010-ON,1000
FLBL-FFK-1020-ON,1000
FLBL-FRB-1020-ON,1000
FLBL-FRF-1020-ON,1000
FLBL-GGA-1010-ON,1000
FLBL-GGA-1020-ON,1000
FLBL-GGA-2020-ON,1000
FLBL-GGP-1010-ON,1000
FLBL-GGP-1020-ON,1000
FLBL-GGP-2020-ON,1000
FLBL-GRE-1020-ON,1000
FLBL-GSA-1010-ON,1000
FLBL-GSA-1020-ON,1000
FLBL-HDB-1020-ON,1000
FLBL-JJM-1010-ON,1000
FLBL-JJM-1020-ON,1000
FLBL-KKP-1010-ON,1000
FLBL-KKP-1020-ON,1000
FLBL-LCL-1010-ON,1000
FLBL-LCL-1020-ON,1000
FLBL-LEM-1020-ON,1000
FLBL-LYC-1020-ON,1000
FLBL-LYW-1010-ON,1000
FLBL-LYW-1020-ON,1000
FLBL-MMP-1010-ON,1000
FLBL-MMP-1020-ON,1000
FLBL-MMP-2020-ON,1000
FLBL-MNG-1020-ON,1000
FLBL-PAL-1020-ON,1000
FLBL-PEA-1020-ON,1000
FLBL-PEM-1020-ON,1000
FLBL-PEP-1020-ON,1000
FLBL-PIN-1020-ON,1000
FLBL-PPB-1010-ON,1000
FLBL-PPB-1020-ON,1000
FLBL-PPB-2020-ON,1000
FLBL-RBT-1010-ON,1000
FLBL-RBT-1020-ON,1000
FLBL-RME-1020-ON,1000
FLBL-RRM-1010-ON,1000
FLBL-RRM-1020-ON,1000
FLBL-RRM-2020-ON,1000
FLBL-SAP-1020-ON,1000
FLBL-SBB-1010-ON,1000
FLBL-SBB-1020-ON,1000
FLBL-SBB-2020-ON,1000
FLBL-SBI-1010-ON,1000
FLBL-SBI-1020-ON,1000
FLBL-SBR-1020-ON,1000
FLBL-SFG-1020-ON,1000
FLBL-SOB-1020-ON,1000
FLBL-SPE-1020-ON,1000
FLBL-SSB-1010-ON,1000
FLBL-SSB-1020-ON,1000
FLBL-SSB-2020-ON,1000
FLBL-SSP-1010-ON,1000
FLBL-SSP-1020-ON,1000
FLBL-SSP-2020-ON,1000
FLBL-SSW-1010-ON,1000
FLBL-SSW-1020-ON,1000
FLBL-STB-1020-ON,1000
FLBL-STS-2020-ON,1000
FLBL-STW-1020-ON,1000
FLBL-TTB-1010-ON,1000
FLBL-TTB-1020-ON,1000
FLBL-TTB-2020-ON,1000
